Open,High,Low,Adj Close,Volume
0.5491976084594002,0.5486370927419113,0.5541448314763712,0.5634307636181977,-0.42330146491004034
0.6893785320177043,0.7108994052981126,0.7148418432900325,0.7369026541189074,-0.367026934866809
-0.6902488480825746,-0.6757554548823269,-0.6787157780937423,-0.661149314374225,-0.4911777577889644
-0.631004316837657,-0.6054708678521675,-0.6089786591527947,-0.5819161876409091,-0.39973912183136534
-0.6895388634967109,-0.7040563727686173,-0.6711602996845516,-0.684372189734056,-0.8726006617376673
0.6351737383440988,0.6087636304757499,0.6471956653270263,0.6200794142991373,-1.0929145498133996
-0.41729647400916875,-0.42725997799168725,-0.415289029160845,-0.4037366795394241,-0.3324010550633755
-1.1905349784694879,-1.1998337154089294,-1.1871296083612466,-1.200844657474206,3.680014799049868
-0.7080728062773268,-0.723489907354906,-0.7125680344645706,-0.7344719751056364,-0.6237009868812073
-1.5136614356981437,-1.5298836548890207,-1.5207012931674735,-1.5227736041745252,1.965106803811078
-0.4094821397930045,-0.4197150507697669,-0.39297748434422347,-0.396892047500562,-0.4653429044641228
-0.558354192517922,-0.5744047846776298,-0.5555205718518775,-0.5629420028860307,-0.5525355344354631
0.3609616063847188,0.3762402323371901,0.3900602590320339,0.40093624828721175,-0.27253835094724954
-0.40319689014696913,-0.3852141157849213,-0.432591886814927,-0.3753118542545229,5.256658486679784
1.5564825615420002,1.576506899089271,1.5861721728632538,1.5868580529179188,-0.5937397333725368
-0.4602339754316112,-0.46837871346128007,-0.44159942791843854,-0.4577140621727561,-0.613175676267383
-1.311424539867737,-1.316525463797108,-1.295050722999544,-1.3145397839132318,0.15672687397338214
0.21383479649463655,0.20537212101308117,0.1783653274802424,0.16916642737232906,-0.16357746493368155
0.664041189486658,0.6623566864581801,0.6833652139786847,0.6622247456648598,-0.7684240078212922
-0.5359429692252475,-0.5595388479067613,-0.5233324104734356,-0.5423914420927524,0.1207853303432206
0.7623157077259975,0.7442465216715546,0.7824307337876931,0.7635209374485312,-0.5998396292964578
0.6606817117590554,0.6653233097124794,0.6820773219368055,0.6796287936817945,-0.9412543923323852
1.7316229678214443,1.7467523098020152,1.7556308131831755,1.7798387287268091,-0.530468263887161
-0.662493458445563,-0.6809568048210616,-0.6576536952161227,-0.6786845867668196,-0.6140129168843917
1.9172967053028878,1.8882931903152325,1.9294962960671571,1.908435346501979,-0.7366088643749594
-1.2265698605144655,-1.2257933036812174,-1.2032780062666122,-1.2059021934723346,0.5839588002527069
-1.4597787898081995,-1.4522860072457628,-1.4418074682382196,-1.434224701352746,1.1745722526511686
0.43537921340289554,0.4171174141400994,0.39658423685264454,0.3659573535362366,-0.20298757683430793
0.2999245626307064,0.36488862541185413,0.2384570743473611,0.3529894538304515,-0.1131038163082966
0.04825988309268554,0.05290432415569045,0.06951365494205436,0.07645822600143325,-0.560728531901906
0.8671378502029866,0.853063326120808,0.8809810326820858,0.8830171857224164,-0.8067576675000501
-0.4623142339691423,-0.4691524155456113,-0.614670240372778,-0.6397822697369852,2.375294903244153
-0.8154490484821124,-0.8339242749564756,-0.8185604672875156,-0.8223507133573895,-0.3452586788245814
1.5709446107695797,1.5576535575571118,1.540902862307225,1.5796350360288534,-0.35315266178494964
1.0828178667428836,1.0553534449792292,1.1054951362872167,1.0836759833470015,-0.6526455910692243
-0.5565971351114065,-0.5698852258370567,-0.5462559410861983,-0.5509752634925532,-0.7845109882481032
1.0362998668489898,1.0444265286350543,0.9901191311009598,0.970606413607931,0.32943765268204533
-0.49766849419748704,-0.48517114051027316,-0.4980950786241828,-0.46451078753182456,1.5443933937641787
-1.5844019323642577,-1.5821965925015486,-1.5647396500425352,-1.582163997991439,0.6420274173323854
-0.6641872751544143,-0.6594129409994024,-0.639702533458697,-0.6514348430053611,-0.3708543205445633
-1.510889441105947,-1.5040365463236594,-1.4940621982775402,-1.4861277241822801,0.6447783507882714
-0.915337625107366,-0.8888755515666753,-0.8992692804470497,-0.878895224027999,-0.1071833290880204
0.5076331595481325,0.48556639146069375,0.5100718960932554,0.5123561970368716,-0.6907998420443375
2.064081906105212,2.075127152592679,2.0773790290125813,2.0701907919529914,-0.6483995850829656
0.3541860036169126,0.3350237034424335,0.3194952818481034,0.3281915845197421,-0.25860427496417526
-0.5625821238236801,-0.5809939033183509,-0.5639395400484314,-0.5899595047555272,0.5621905442104792
-0.0735865788988897,-0.09865775826893187,-0.20089920595997982,-0.22851102235136989,1.1065165510685997
0.5196469334475541,0.49807872985403684,0.5042915851167542,0.4919378957629939,-0.6722609426677151
-0.732868369560619,-0.7021312639294868,-0.7192907728917235,-0.6936430110086661,-0.5194645300636174
-0.11315834514106635,-0.1395346003737275,-0.13806051654495344,-0.14023931054780162,-0.4112212788646283
0.4915766897455914,0.47679092480849633,0.49696629815922955,0.4877857124051895,-0.7345157628324376
0.8747676550439284,0.8464389638008394,0.8520798326270396,0.8327389688705475,-0.4588243882316975
-0.4326697256361924,-0.4486082549630174,-0.4321084458498699,-0.42410707413350823,0.9391880334692786
-0.5605609495320896,-0.5805270505397014,-0.5835935702825311,-0.5933424227492038,-0.5696391641829277
1.4180670424562756,1.4552347689133454,1.436858334935607,1.4733906524140987,-0.3594319664125153
-1.2394112465835296,-1.2530186694013936,-1.2480839636701073,-1.2587093517951586,0.9795549917893436
0.7361811520605861,0.7085782877218466,0.7477548141501161,0.7342865785704943,-0.7816404489897875
-0.6519027852910856,-0.6665763759168934,-0.669838178239052,-0.6930743872144138,-0.6170628648463522
0.03768101881611883,0.039769290812617174,0.024192997419083664,0.021573062121309213,-0.36134565925139245
0.2785159324314715,0.3233040789044924,0.30381425465777656,0.32466529911807096,-0.3507605457363532
-0.48949516781532826,-0.41560462999840536,-0.4944043122078858,-0.48931941209974433,1.6135853504698308
-0.07529498873893042,-0.07946473560844683,-0.09262528981431267,-0.10764945929759673,-0.3622427027696161
-0.6422236561622212,-0.6452885708713536,-0.6313852176057486,-0.6389852261199657,-0.4173809776897641
1.4667487032231086,1.4595659991199432,1.486385334616947,1.4674753235116567,-0.6412232369371763
-0.7496080632324477,-0.7628580369061352,-0.7515687113399859,-0.77253003572622,-0.6687325714960354
-1.4216224718847799,-1.424779530013617,-1.4028579723620647,-1.419899813517817,0.33452089928531276
-0.2590896854964234,-0.17061692111807797,-0.25355109093888034,-0.14643895134736917,0.16139150026814522
-0.6915885407983405,-0.7082459262154566,-0.7230964576201239,-0.7304989114280797,-0.5070853295121307
1.5784034374066733,1.5500671588572008,1.5062213512756775,1.5079710282003644,0.5288205253325589
0.5858655010205804,0.5682828027697243,0.4584501095621744,0.4744769148403572,0.7276651718721382
1.6716104153983078,1.6813604909445312,1.6915901686473138,1.675015898910083,-0.6699286295203336
0.39455498299345454,0.4281573310616394,0.4261725202183465,0.42914653718818796,-0.4247965374404131
-1.366693271307207,-1.3826759530974129,-1.3635675502523268,-1.3737041865138453,0.9734550958654227
0.6135374826284145,0.6260315499587397,0.6287673464843572,0.6481192514267887,-0.513663648645771
-0.8116987902734831,-0.8289525496190151,-0.8326635080972061,-0.8210166405806004,0.310838950404208
0.35885493445054933,0.34266677511090177,0.358354485582323,0.3307510797938378,-0.3026790131595647
0.3581147216424927,0.4077189071784243,0.36568012164428226,0.4339812101516489,-0.3044132972947971
0.5371268456212089,0.5161960304993514,0.5257529232835823,0.5303858017537605,0.6669652271390034
-0.40192427003572956,-0.39685806124486955,-0.38173019220543386,-0.398028595513902,0.8973858055200558
0.36329624546150663,0.38478935247490526,0.39532534337089603,0.3736924082576332,-0.6913380681552718
-0.6347415477017061,-0.6518676627560986,-0.6355590701596446,-0.6405175232353695,-0.5779517674518003
1.7495581310279982,1.7271629273830107,1.719232469497588,1.709767420357236,-0.6766863573576185
-0.37824980996392615,-0.37022343054360274,-0.3726611686603417,-0.3492899615968378,1.0245865764041717
-0.6494079406223136,-0.6697731389812722,-0.6513249812346893,-0.6716851267999838,-0.1104126857536256
1.73259081183972,1.7169720519256824,1.7272504311597383,1.710620350361012,-0.7471939778899986
0.4140275778361998,0.38663498327881046,0.3181560428392816,0.3155652765605671,0.19715363519466203
-0.24115451659610068,-0.1458756035125436,-0.276901124155789,-0.1367130251461298,1.0889943010126308
1.9324419840935243,1.9047514619918757,1.926176845139288,1.9300481695262421,-0.899691375988022
0.7038975758778234,0.6990101072142472,0.7248571344345524,0.708862811303653,-0.496141398589802
-0.8063414200777116,-0.8288055169523377,-0.8317235243775932,-0.8436826996099391,1.000127189807273
-0.7120397522712261,-0.7224919309145832,-0.6932399075273366,-0.7182620962077034,-0.008329133379772403
-1.4320595442198751,-1.450598471943756,-1.4405848987866963,-1.4477020396563067,1.5504932896880996
-1.2046491611566459,-1.2077088291969116,-1.2258800002494485,-1.236727517090382,1.104303843723648
-1.6817301518090513,-1.65518154174322,-1.6807632611232672,-1.663818798003748,3.283999987204727
0.22488072068201306,0.24443753991397454,0.2557980015538401,0.2647750218763665,-0.6400271789128781
0.6830011913440268,0.677608961893228,0.691726539882434,0.7027770363154892,-0.7458185111620558
-1.1905349784694879,-1.2009306912027187,-1.1858502722395161,-1.2037830551703754,1.172299742405002
0.38014958107847535,0.38733716192540174,0.39486740419860406,0.3796643231219964,-0.716754301171609
-0.4546131886844103,-0.4702222664450588,-0.4780120963318753,-0.4976345454477701,-0.5774135413408662
-0.6438017413125325,-0.5973626758654275,-0.6225820170567028,-0.5732618911527414,0.44551508394018774
-0.5062564124046556,-0.529794875450556,-0.5353845027934806,-0.5615527376100473,-1.437738078218577
-0.5342974641504714,-0.5169808624861224,-0.5177973081622929,-0.49429051359558057,1.6287154844772032
-0.07575023977182886,-0.07861534878448685,-0.14555766589851873,-0.08558153134670482,0.643701898566403
2.2434356448654555,2.2206309003401405,2.2747091143211406,2.239453907446373,-0.9134460432674515
1.5660480544194932,1.5697128632233794,1.5969884183172307,1.5690561741362343,-0.8146516504604184
-0.6338355607951094,-0.654345318884577,-0.6557077184237191,-0.6587880434387448,-0.26099639101277167
1.6158115427759108,1.5825082154381263,1.587831723774972,1.557510175172259,-0.8392904457609618
-1.2118334399229684,-1.2034619120620182,-1.2009467383623669,-1.1948265706489556,0.66923773738517
0.26058042190497926,0.27291538956254163,0.2665000269045809,0.2990710857655072,-0.5940985507798263
-1.4407147058446554,-1.430657654841708,-1.4194896338187593,-1.41487057334445,1.0134034338769833
-1.1339369852999477,-1.132586244653201,-1.1223372561332414,-1.1119850579651354,1.6666903267486717
-0.5612813537161099,-0.5786876418729033,-0.5544723085274332,-0.5670171249112319,0.7484167785937123
-0.7575641893900825,-0.7679723108951784,-0.7716481968649279,-0.7922814712397922,-0.18468788906254516
1.4687413801984295,1.468482802833785,1.4784648303221677,1.4406869353524896,0.48115761306427474
-0.8239063003733826,-0.8425587555684111,-0.8405370263689587,-0.8641669543278243,0.5777392985263561
-0.6694105001411327,-0.6666900615521223,-0.6545260170830888,-0.6744136746970746,-0.6650247916207109
0.9297693145319608,0.9255829851951509,0.9617900960444652,0.947457824030455,-0.7186081911092712
-1.4443634896935327,-1.4085230616627744,-1.4223326315932776,-1.397861569166811,1.325574578218819
0.48907141978489316,0.5257642110069501,0.5125900378842099,0.553136213622706,-0.5012844480942844
1.7943114267829576,1.786610097198562,1.8118882315892206,1.809982956201927,-0.7119102661732012
-0.7094882602898539,-0.7218571427120223,-0.7212196378438289,-0.740920516786257,0.09429264510501499
0.44836117294676164,0.42889336628684893,0.37523747361651,0.3515675530886424,0.02151251432646822
0.4258707151579416,0.41060639775724594,0.3094227032382372,0.2806433090276908,2.5350284523891804
-0.7068352882549596,-0.6997949392010189,-0.6859617782835439,-0.6804296798596391,0.484327166828665
-1.207958419837396,-1.22345905111124,-1.2142236721742694,-1.2221483479019937,0.2649701251723712
0.5702076349383369,0.556959532328667,0.5516783857567925,0.5505770709799948,-0.25716900533501735
0.7190998436072296,0.6964056304568292,0.7331552380975742,0.7064171818409617,-0.8038871282417344
-0.45512786558941876,-0.47392113162896987,-0.45345975316667253,-0.4667144549890829,0.9034857014439767
0.8613870860859952,0.866368033009805,0.8833276669044584,0.877670827558008,-0.701923181670311
-1.1989639038575732,-1.2040244804457056,-1.182552305541908,-1.1875651908778757,0.6045908011718512
1.0073184264413522,1.0094376682652695,1.0165594768303987,1.0409051009689279,-0.5504424328929413
0.5766416172308457,0.5861170895936352,0.6024069971775582,0.6048366781601647,-0.3621828998684012
-0.7194679919786495,-0.7230980429347524,-0.7383649578297202,-0.7550749528478603,-0.44925592403731174
-0.525112855982641,-0.5114951172869899,-0.5159187428638274,-0.49480602086572206,-0.5478709081407
-1.1847366030520676,-1.1954743185671102,-1.1775771438510974,-1.1955894203969362,0.21605135197857395
0.05235957362834549,0.036938473202352835,0.03448877966890834,0.019752989358572615,-0.5734067469594671
-0.4116902803931565,-0.42711380589356324,-0.4004337598638712,-0.4168031681550433,-0.9710362371374108
0.02218232205981327,0.05392337886393889,0.0386664723715804,0.04688296357674682,-0.16794307672237005
0.5433902027235775,0.535162372608877,0.56444061944922,0.5431263224681213,-0.7731484370172701
1.9859635538978426,2.0806187745691704,2.0242695539658233,2.0800871642399534,-0.6835038880961184
-0.749437085028599,-0.7520102588990738,-0.7231251013527971,-0.735162444418256,-0.7050927354347013
-0.17453734530277612,-0.16161511361303482,-0.15700371292082707,-0.17231747659705968,-0.5645559175796603
1.5529524529304866,1.522551690948325,1.5009562669368153,1.5260575658229565,-0.33377652179131845
-0.5193937150613661,-0.525064867967201,-0.5122192488366765,-0.5349108450405066,-0.45356173292478535
-1.1565648849903525,-1.133176979672111,-1.1323446838434565,-1.1450708056304513,1.2916663332299645
-1.4676984245972085,-1.4837581202517762,-1.4752129682246964,-1.479601074650111,1.20722463671451
-0.7085822733832572,-0.6968006758435725,-0.6966882523907244,-0.6727595377509072,-0.6094080934908436
-1.2134174408997738,-1.205683854774126,-1.2008898057244781,-1.2192663598520534,0.8332172925164562
-0.6403612924890908,-0.5909577472033363,-0.6232219426536266,-0.5699952732645388,-0.06185272996711781
-1.2903239881477666,-1.2698656972604545,-1.2675301565823758,-1.2662250129196975,0.7357983664373661
0.534223313566382,0.5686791568666081,0.5469281789511349,0.591186294536326,-0.12117720797230959
0.37747367454009795,0.3708616052764299,0.39990369350353777,0.37687745454408,-0.7178905562946922
0.32622974918002823,0.3106784002356692,0.2781179305999058,0.25419581872757024,-0.31798855587058195
-0.6870641747719135,-0.6783633852372297,-0.6688754912851701,-0.6658503343555588,0.3405609923080188
-0.7867398955187603,-0.7727800696150176,-0.7791277021370079,-0.7974868906026721,0.6741415752847928
1.527615110399441,1.56088072926426,1.5527495610364788,1.5787817533936936,-0.48920426204887235
-0.12141437921875593,-0.13908191866803468,-0.12552708360947917,-0.15383276695354142,-0.42389949392218945
1.9318727437955467,1.923452069590691,1.9547919626950587,1.9168528908290328,-0.7446224531377575
1.9059661609665226,1.9059574638951053,1.931899868650442,1.906330961842117,-0.6892449666127498
-1.4154845712992319,-1.4324295088770544,-1.4289568653397566,-1.4341964112155874,0.6486057364660257
-1.2687992847638214,-1.286797038191219,-1.2840765907729426,-1.3000736103329935,0.8955917184836084
-0.6904584015746807,-0.7129856094334042,-0.691449018949062,-0.6892165828109881,0.2757944502922701
-1.175261122976354,-1.179499307087986,-1.1590120733616296,-1.160384534429661,3.7867031748172693
1.8277904725004461,1.8866514406572545,1.8589313188832266,1.914407261366342,-0.4315542652776981
-0.7560483086713897,-0.777614086999009,-0.802510396649095,-0.8272516923962422,-0.4372355408931146
1.8350786625598594,1.8028026343644947,1.7974661036036657,1.794398975260126,-0.47269866131355687
-0.6509919359053491,-0.6538943696392618,-0.6411713646119047,-0.6652049961724842,-0.9028011268511973
-0.5064406001537085,-0.5113969785020772,-0.49780515025310773,-0.49436827450334825,-0.8090301777462168
-0.511805611388128,-0.47579647469451203,-0.4893952702178894,-0.48162670727004153,-0.630638123422137
1.0203570332978193,1.0081919273444258,1.0286922580589275,1.006324725182661,-0.6060591310228085
1.5460058719588323,1.5234007324125367,1.5588732362545785,1.5331670695320019,-0.9158979622172628
-0.787745961811585,-0.8023194702057986,-0.8434778306152827,-0.7867948681614181,0.5560308453853434
-0.466130699329337,-0.46568058759567893,-0.44149044438171553,-0.4452411829912252,0.5828823480308385
-1.6152606768961533,-1.627056338367634,-1.6199226051225022,-1.617058016643334,0.7655802112423917
-0.4353004521137115,-0.45285517209791104,-0.42338069764279535,-0.4342787320916873,0.9021102347160338
-1.4682641860020313,-1.4590079931418385,-1.456136162141932,-1.4523357127309051,0.9948645345003608
2.101319380590539,2.0982830481490438,2.092201814428105,2.1210376269115097,-0.81686435780537
-0.4780711431715677,-0.47288307081128583,-0.47233483411671595,-0.468800787197128,-0.41648393417154045
-1.2036873980841796,-1.2195777340707123,-1.2231222354640812,-1.2230524833952832,3.349723375639914
-0.6929549885369144,-0.6755781834219365,-0.667554766257407,-0.659346947119526,-0.34794980937925235
-1.2616431503000607,-1.273831327372686,-1.277139731144143,-1.2847315913966249,0.8052295347478778
0.7461452486583775,0.7360937499690879,0.7593094956047128,0.7381541030873912,-0.8831259723514916
-0.7069968888204671,-0.7043680684340485,-0.6928745325373145,-0.7066421527175503,-0.6778824153819167
0.5846130368533161,0.5830032581619671,0.5844139142729124,0.6056330278896227,0.3860710001325661
-1.5935378872718442,-1.5915622676405798,-1.5723021162634332,-1.5769087609141692,0.5230196439147125
-0.6818878607519783,-0.6827229519281056,-0.6678520258216002,-0.6892450435762361,0.4044902937067587
-1.4012289496843109,-1.4152732085324373,-1.3929359436086828,-1.4113106116456093,2.287265032655804
-1.2334147906195148,-1.252990508427807,-1.2325609949431113,-1.2533411191097388,-0.14761009030930028
0.8369609402606238,0.816375697764738,0.8459561574089398,0.8456499413582331,-0.7358314266591656
-0.10461769091438805,-0.054440404181508785,-0.08168887803567287,-0.05048877078432534,-0.04821766849011809
0.6684251585451373,0.6554437845608329,0.6422735961253286,0.6085903425532608,-0.31661308914263897
-0.37310199895402935,-0.3730359327639292,-0.3717512250911394,-0.3983958724755113,1.3172021720487315
-1.2167266995805235,-1.2199433341650778,-1.1965400732120368,-1.202935499951404,0.041965106541967806
0.7208649007598711,0.7054077833216212,0.7337850339428827,0.7041989370572982,-0.5703567989975067
1.2577303001859392,1.233808294701362,1.27592694241707,1.260332920134158,-0.23211158972596962
2.203067012808852,2.2240851092812663,2.2105535457501517,2.205783047625803,-0.6790186705050001
1.762483101633094,1.7876858192137337,1.7896828717508255,1.8215286082221216,-0.4209691517626588
0.25147052738032355,0.22852836192919423,0.25505397988227263,0.22581473110948722,-0.5209596025939901
-0.8060302157189998,-0.7930864868114307,-0.7941104689517627,-0.8002275929073035,0.5300165833568571
-0.7395004437872617,-0.7613842283337032,-0.7602646738744792,-0.7707866773523058,-0.42216520978695704
-0.30431317273540953,-0.32027290647463996,-0.34354864023912257,-0.36946352531503507,2.418293189217674
-0.8609595871096575,-0.8650589488417101,-0.8395135609053885,-0.8567078791652072,-0.10485101594063888
2.1767048316269912,2.16404910675624,2.197620159316599,2.1800749741494383,-0.9978877397829059
-0.25427722612162246,-0.2661317928795914,-0.2545336882915574,-0.2645553018273589,0.9419389669251645
-0.4130494344130205,-0.4283861564999432,-0.3988398806469442,-0.40452851331212586,-1.015948215949809
-1.2958394800158912,-1.3091284298104184,-1.3013336871310301,-1.3192017471249893,0.7968571285777902
-0.43201916692243814,-0.42281194825048996,-0.40851599680307554,-0.42008368085729464,-0.5698185728865724
0.31632264721477604,0.32098261596847816,0.24103250360366268,0.2181935421994949,0.2705317949853579
-1.7071017252822376,-1.7177040155627639,-1.711382695973114,-1.7215139164422326,2.4403006568647614
-0.822753921286116,-0.8446186283106957,-0.8525973312277426,-0.8235183327457393,1.05939186491125
-1.4736948862549935,-1.4917738747202711,-1.4761794953273542,-1.4788665207268925,0.9979742853635362
-1.230416559790622,-1.2404185586772265,-1.2222409356275519,-1.2326589869970197,0.2994763991733749
-0.4452697585105802,-0.45925353892478155,-0.4829921454847638,-0.4816829462881818,-0.29915064198788494
-0.5154865479532846,-0.4568211532315268,-0.48820029718573693,-0.4389200436170705,-0.2632689012589383
-0.4944723536350842,-0.5186965644233509,-0.5146982737619321,-0.5188155258415393,1.1361189871699808
-0.28878458368931037,-0.31363540916096,-0.30954583401181,-0.3236631184660506,0.49742400219473054
1.6925067999321057,1.712725825510286,1.7261571047481683,1.733086450332831,-0.5272389072215558
-0.40370600993295985,-0.4152666700071855,-0.38130963009969315,-0.39248019662928907,-0.8573509219278649
1.8635475099821204,1.8690434946861894,1.8586452363839503,1.8194811564679614,-0.22296174584008824
-0.06043398277734439,-0.05081687271584177,-0.048208978743551525,-0.03405185983874875,-0.6815901952572413
-1.371727964198756,-1.3594445539737472,-1.348698482745668,-1.3426526953638065,3.4241779876524783
-0.8338342529224863,-0.8059678788966242,-0.8238768985933197,-0.7842357198311037,0.4879153409015597
1.7344698525636704,1.7842834482046859,1.7628988183983785,1.8023044817548473,-0.4511696168761889
-0.07893873360181401,-0.04657064630044525,-0.06240196831376686,-0.0410475034239935,-0.1486865425311687
1.8439039369355272,1.8651369493991194,1.8752417985374514,1.8827272730256146,-0.6954046654378857
-0.6463799940104821,-0.6692147149145654,-0.6699010513753456,-0.6757272664155786,-0.2653021999002453
0.7265016756117835,0.6992364480670936,0.7211597350340071,0.7080098812998776,-0.8294229670605014
-0.822753921286116,-0.8366794191503822,-0.8251860917287079,-0.8447867884731447,-0.11184795538278347
-0.31327919139896276,-0.32797921294688626,-0.29302821524462286,-0.3099318457528124,0.6032751373451232
0.7329926525368315,0.7265255751231238,0.7256696206363841,0.6958952585416487,-0.6579680492773514
-1.4914860027873598,-1.4836174795712629,-1.4765775258895315,-1.4704467184214611,0.6527919395510695
-0.558933163467949,-0.5754172718890229,-0.5711425660546875,-0.5717486930081025,-0.5037363670440957
-1.2093161788837363,-1.1799492259156907,-1.1946920745821443,-1.1597912605641487,0.8848271962649245
-0.08491747055519323,-0.03722881230732746,-0.07104378532282106,-0.0554938898335081,-0.08386019761420509
1.5222059610639782,1.5475701512595386,1.557900419549082,1.5749711560948958,-0.6660414409413644
-0.8195699426153323,-0.8335695621866386,-0.9220235698085412,-0.9098802327869535,0.9330283346441428
-1.1668321918944997,-1.1606271349570834,-1.153667175736881,-1.1672503414143693,2.066054101061848
-0.2797334203968867,-0.30235706379537736,-0.2666448135991206,-0.27941721882205717,0.32262012194354545
-1.450727626515776,-1.4287733267610707,-1.429838336866992,-1.4293933271990065,1.3152286763086394
-1.3746412269056316,-1.386051029363062,-1.3674340134904155,-1.3802025402212525,0.5315714587884447
0.969739690188205,0.9658430034659407,0.9970727591886474,0.9976794549204028,-0.48077205297756986
0.624697048760931,0.5956285971326766,0.5812663200180599,0.5504062779504916,-0.5152185240773587
-0.7893313520681445,-0.7411704241662267,-0.7665256272575405,-0.7271187746722542,0.17430892693056602
-0.722752403049369,-0.7390438516994091,-0.7398446169434111,-0.7477783383763992,-0.16196278660087896
-0.6437607347847049,-0.656617372730021,-0.6420299554911423,-0.6380184359923895,-0.7280570495012272
-0.6019123660580958,-0.5990096115812679,-0.593511054955245,-0.6123054996154874,-0.4945267202569994
0.5706062386586351,0.5973836870661352,0.5842424067043305,0.6248002214511938,-0.5380034294402397
0.4225682320628781,0.4235714178562819,0.442597574803265,0.43039799184427524,-0.41498886164116766
-0.45404707426588037,-0.43120176695800494,-0.42684336151100777,-0.4190655089245116,-0.6741746355065923
2.4055940859072646,2.374287765149817,2.381443645879753,2.3775490781189608,-0.6436153529857727
0.3471257863938865,0.34399717446319733,0.2687320919192841,0.2692111701875162,-0.1320015330922085
-0.27707454392303704,-0.27845061658109754,-0.26402921444079414,-0.26503574502520666,0.2876952276340374
-0.7053680607965109,-0.7212510306918537,-0.7538461828232258,-0.7227201190398649,0.2600662872727485
-1.2802262701677143,-1.2967534540107952,-1.270117466835487,-1.290919254104344,0.5722972345157992
-0.7421617515006809,-0.7560916524666602,-0.7736972224186733,-0.7981641703640102,-0.43137485657405333
-0.8198529969777129,-0.8072744371030065,-0.8200790715762004,-0.7913198852689308,0.7686899621055672
-1.3639212767150097,-1.3607101672342146,-1.3413066484707552,-1.3533327454008146,0.47547633744885814
1.43150425303304,1.4576916921336458,1.4437260318252736,1.4448387717665119,-0.592304463743379
-0.5489527314455066,-0.5716306400359233,-0.5477925328377788,-0.5496175871634503,-0.2238587893583119
-0.4494035148690657,-0.4574403945837721,-0.44477217486162285,-0.44621700503231315,-0.4716820119929034
-1.181455494367649,-1.1995526038969602,-1.1895745698505642,-1.2037547593456133,0.16468065983496533
0.6864746583367084,0.6627755059236188,0.7017358962515727,0.6796287936817945,-0.8752319893911233
0.8149830754571804,0.7881017292620969,0.799313378440469,0.807087828299885,-0.7198042491335694
-0.38162180259685574,-0.4059199953159548,-0.40407632125313314,-0.4255706308794496,-0.6723207455689301
-0.6086368786323182,-0.6283316563342979,-0.6821173200708557,-0.6796041697897686,2.6392649092067706
-0.6174138470676793,-0.6050206036647149,-0.6106860602640886,-0.585706303881422,-0.28557538341210015
-0.558182866994135,-0.5403240505972171,-0.6086939730712556,-0.6321461508692041,0.4039520675958245
-1.5900023923543989,-1.5972435996900405,-1.5790115829990636,-1.590922781433718,0.5145276319421951
1.5990148544715423,1.5706755903228187,1.5896631313597047,1.5610933934796334,-0.3011839406291919
1.1301900687099111,1.166151685876421,1.1584903855077155,1.1949824189166414,-0.6234019723751327
1.532910276163595,1.5425370877660989,1.5562405195329299,1.5603539766558772,-0.7922255625048267
-0.7639060863487195,-0.784301344424642,-0.7715343201431029,-0.7671100799794158,-0.5535521837561166
1.0018522824733496,0.996302629260561,1.035388098275578,1.0180977561942806,-0.6893047695139648
-0.5525766733781234,-0.5216303558550068,-0.5252532403005308,-0.5039129879864489,-1.4394723623538093
-0.054398604205133136,0.0019043423973438786,-0.024515581285043764,-0.0020306266951931676,-0.3631397462878398
-0.7774399088060963,-0.7413390559712705,-0.7740388411381014,-0.7451629567155476,0.7796936959291108
-1.2456622652874252,-1.2477029374462982,-1.2272730299562518,-1.2269233067219012,0.11020021682818133
2.27122126841843,2.249222435623936,2.2739650983725963,2.249350285420937,-0.9435867054797666
-1.1019750387678224,-1.1123643217008183,-1.1000478880327256,-1.0994118608424681,0.9158649019954633
0.9582381619542217,0.9347040097530329,0.9432877270005855,0.9380165566701225,0.6411901767153767
0.6765675506776868,0.6851957059528871,0.691377235142431,0.6721780508575235,-0.47742309050953485
-1.4075930865065542,-1.4260451376124488,-1.4091695745032,-1.4260027764421477,0.9540191529705766
0.6920544385560816,0.6714096355141699,0.6985883019967202,0.6819605630206845,-0.6794372908135045
-0.773476094385414,-0.7393683313371682,-0.759336914533086,-0.7205570610677916,-0.6780020211843466
-0.39492904149759933,-0.403104384857893,-0.38130963009969315,-0.3893125089070984,-0.8346856223674136
-0.36548331404489043,-0.37551427961190403,-0.3742917267349521,-0.3777165216006435,-0.2075924002278561
-0.3995156119556436,-0.4239097846128327,-0.42365595218158775,-0.40424559487772577,-0.4709045742771095
-1.2502443205862686,-1.2577155053639923,-1.251040660752722,-1.2545276554655576,2.187573596330547
0.18656141860710077,0.19727602227917188,0.2072668709166998,0.22433590314957924,-0.48872583883915305
0.43947890963232494,0.45018117133238944,0.46680584979497664,0.47948203388953997,-0.7101161791367538
-0.7124074274356845,-0.7186106195356909,-0.6916764175652546,-0.7083164294658248,-0.09163457477214353
0.9529999908226069,0.9310804839490011,0.9240182839464356,0.9201004708208566,-0.2595013184823989
-1.571786953344973,-1.5381805208694854,-1.5499842818439729,-1.5206544658725656,3.065360580363012
1.5936060524560178,1.5626358191977185,1.5820000658315287,1.5891901635129866,-0.7657926801678361
0.311710705319909,0.3157173348448332,0.3152030142147378,0.30601014338883026,-0.27815982366145114
-0.5474782045745792,-0.5709533442761265,-0.5523115008784678,-0.5773581881237898,0.04375919357841514
-0.6846315345347594,-0.6709383657876447,-0.694405538617948,-0.6471743506242523,1.216613692205251
2.181658382609617,2.1837058739576376,2.21805104420815,2.2065224644495585,-1.1230552120257147
-1.4556492069827467,-1.468851753743797,-1.4484884629318824,-1.452533408122443,1.0282943562794962
0.6257788763505154,0.6353733839518575,0.6476532553948837,0.6628502966772115,-0.6484593879841805
-0.2866476835329485,-0.2525976369000127,-0.3052301592122843,-0.31206192131527793,0.7697664143274355
-0.8454044138538351,-0.8662741056090921,-0.8614195665529859,-0.8775943042889061,-0.2092070785606587
0.3290766339222543,0.3441388568845912,0.358125690548394,0.3655022486096072,-0.5746028049837654
0.8751092641316874,0.8633447367869483,0.8893367729148881,0.8758510960514498,-0.6832646764912588
-1.2213372465018673,-1.216427622880551,-1.203164306958516,-1.196804246889914,1.3700679367227129
-0.4107276518677284,-0.42039061406918543,-0.4064100328884176,-0.41855659358620934,-0.8058008210806116
-0.6506788184400908,-0.6708792753008479,-0.6547921834605456,-0.6714046369720524,-0.7160964692582449
-0.6530416075132099,-0.6616507815832101,-0.6363069319799881,-0.6419994793769093,-0.828346514838633
-0.7213098466940964,-0.7429517784254733,-0.7264445522806662,-0.751599696620011,-0.10724313198923531
0.023321144281937607,0.022105017232743687,0.02178348433739405,0.0467121705472436,-0.8152496794725674
-0.5085337095289653,-0.5181847922308619,-0.5393016147896429,-0.5533299424961949,-0.010123220416219736
-1.2203754891231706,-1.2367340400769642,-1.2212174701639815,-1.2268668970756722,0.4356476052397274
-0.22549665051385714,-0.18862122684766067,-0.20605006447258298,-0.17806200678239495,-0.3047721147020866
-0.6406486968913574,-0.6530228684681303,-0.648547649431938,-0.6682522204638284,0.6164915785136185
0.4856552947446896,0.4889069091049564,0.47830918428263136,0.5143470685167137,-0.6370370338521325
0.6621621487627076,0.6559251481105526,0.6930371351585826,0.6754196774182883,-0.8589656002606675
2.205173679049252,2.2532419758267377,2.237737907428134,2.283873728301502,-0.6620346465599654
-0.7007112918544928,-0.6818231199343313,-0.7084130449961666,-0.7107148461362841,0.9094061886642529
0.675656353972012,0.6653799826810367,0.6442195786407556,0.6135954616024436,-0.518986106853898
1.8815396678212135,1.8727236934587785,1.8754709426758152,1.8422884955550058,-0.3590133461040109
-1.2318874369553103,-1.2467186112084927,-1.2399245345897845,-1.2544712458193286,1.0623820099719954
-0.648145051163123,-0.6600086865654827,-0.6421445304218358,-0.6678783515703806,-0.64540944002222
-1.1650502868779538,-1.1554802103177229,-1.1550888491763573,-1.1389395525689614,2.050744558350831
-1.1984264632621662,-1.216427622880551,-1.211181570411798,-1.2191533642439036,0.8327388693067369
-0.6623753013412216,-0.6411695104446454,-0.6553660939812682,-0.6350309144693917,-0.03571886213620167
-1.5228540379183308,-1.5180709021133374,-1.5073106600474746,-1.514862375951218,1.152803996608941
1.8049017526174962,1.7975936808496589,1.8176112551003747,1.8132815156683937,-0.6954644683391006
-0.7270606108110884,-0.7295904042295543,-0.7262157572467371,-0.7458551607470721,-0.28533617180724047
-0.6566857053898013,-0.6728607060871522,-0.6637773761572459,-0.6856236443901433,0.10164840195444906
0.8678210740722735,0.8605930518521611,0.8834418927307174,0.8503988680193599,-0.8944287206811098
0.583189594482203,0.6387135562363719,0.6098814375738306,0.6618265736439329,-0.6601807566223031
-1.2063179480548438,-1.2237683292584314,-1.2005771741191342,-1.2084167282449738,0.07186655714942335
0.9521457887494713,0.9450648984543992,0.9817633908681577,0.9754407339400076,-0.6741746355065923
-0.42488423036246786,-0.44646060988990877,-0.4235420754597634,-0.4433884804502652,-0.4609772926754343
-1.2173772582942781,-1.2132213539306371,-1.2022828354312811,-1.2220917619400724,1.2734264483594167
0.5995306844337335,0.5698796273522282,0.5870466309945604,0.5688340546883079,-0.5296908261713671
0.7125518720496418,0.703935707209567,0.7298930746350515,0.733148989725812,-0.7805041938667041
-0.7315158203133572,-0.7216318379384211,-0.7234960620137663,-0.70647240051939,-0.3015427580364814
-1.22945497322501,-1.220843341669544,-1.208310100595312,-1.2080211554586024,1.1394679496380158
-0.0981270556155089,-0.11054705635279664,-0.08649602320224302,-0.09485235262131486,-0.6748324674199563
-0.7919162038449267,-0.7980646041350561,-0.7759719010664405,-0.7870895883719744,-0.03972565651760072
-0.3571025180902579,-0.3560883486017166,-0.33292974752790505,-0.3408929040156719,-0.7047339180274118
1.592410235601355,1.5850957582446,1.612898595368944,1.582137592709643,-0.6800951227268685
-0.42961502400155366,-0.42731768703948986,-0.48840044848699277,-0.5137579841558074,1.6616070801454044
1.5901325854633368,1.55425671230404,1.5894339872213425,1.5704780748780436,-0.7421705341879462
1.4370840389461834,1.505170431189855,1.474057987758109,1.5278776385856916,-0.7351735947458016
-0.7503291677501142,-0.7465891299427129,-0.7336975345591512,-0.7278109787037782,-0.33796272487636225
0.5978796165461709,0.6025359676124138,0.6035862490641255,0.6248571543568964,-0.6104247428114971
-0.6381027620290016,-0.6253194172850267,-0.6120717587777736,-0.6023348358585683,2.482222490616414
-0.14635311802950385,-0.16942819852554042,-0.18315797042796633,-0.17044047092862125,0.08849176368716861
-0.6835104370170407,-0.6696179818680534,-0.671601121293522,-0.657840340906725,-0.08487684693485857
0.8799488315430041,0.9250791619385115,0.8945445697884038,0.9478560017389854,-0.2699070232937934
0.3085792004286942,0.2865656486955887,0.22586669732795084,0.24173995116651403,0.34097961261652315
-0.3863216619863323,-0.3862124319233572,-0.37702364634614255,-0.3713249128257255,-0.8524470840282422
0.03721395321154021,0.06456728138670881,0.03191335041260675,0.05894065911687617,2.0607914457549357
-1.2470765008332818,-1.2643250058915063,-1.2744387215829363,-1.2606306183898883,1.536080790495306
0.31854329702648554,0.29069300341789517,0.23474884126330856,0.22217458558401468,0.590537119386347
0.8102001553584647,0.8040900455839894,0.8388023780199971,0.8344451815094828,-0.6869724563665832
0.6804959213833286,0.6601147015573918,0.6945534731299569,0.6765572662629706,-0.7628025351070905
-1.4394135884171462,-1.4364796332333174,-1.426682535796424,-1.4297040238862977,0.768749765006782
-0.6524153782764621,-0.6707659293637327,-0.6727625631309226,-0.6844291226397579,-0.005039973812952295
-0.5407418774286766,-0.5616080566855239,-0.5411903098397234,-0.5450359840940171,-0.3820972659729666
1.5963959425657048,1.5825648884066834,1.5711205924138014,1.568601069209605,-0.6509711098352068
-0.601898114553076,-0.6019237061839905,-0.5920174202181394,-0.604768657857499,-0.38245608338025605
-1.544944497013329,-1.555421315458134,-1.5495010182926439,-1.5674999527039708,2.2160397773088447
-0.44798806085653925,-0.4573280847259022,-0.43936527400015385,-0.4468956725687757,-0.1028177172993319
-0.6809057709224523,-0.701887298406199,-0.692034455639135,-0.703318254979865,-0.5723302947375987
-0.8660790830039073,-0.8604745925860378,-0.8480425599519675,-0.8533456185455072,0.022110543338617332
-0.5969011258030532,-0.6164706947347118,-0.6431746288696554,-0.6558772419921723,-0.1989807824529089
0.36386548006571456,0.34750735999174914,0.3210975452944745,0.3604405435985034,-0.19473477646665022
1.552212234428661,1.557257543158341,1.5772442676318998,1.580829210835457,-0.9448425664052797
0.5545497688560934,0.5684528160137616,0.5797782766749249,0.5566628459681586,-0.3782698802952123
-0.4052917418156883,-0.42844248410875224,-0.4097682573005745,-0.43015223394888347,-0.6278273870650362
-0.7977145792623472,-0.7957583426896087,-0.7917507347285734,-0.8144394851340826,1.0742229844125477
0.8793226023062569,0.8487604323984894,0.8683903122812645,0.874201469374435,-0.6350037352108255
-0.7939749114649591,-0.7580623714391274,-0.7678917587538415,-0.7431266128499827,0.18914004643186394
-0.8439887947219941,-0.7985038111489233,-0.8241388757175662,-0.7817737783231029,-0.08744837168709975
0.01113639217866794,0.03201287886866888,0.040211803180062504,0.05166035669072452,-0.31649348334020916
-0.17926327076895265,-0.17525950163035758,-0.21652329478939478,-0.22714604882765968,-0.4311954478704086
-0.4396072705956762,-0.45901717697759503,-0.4339580183112281,-0.4579824032807505,-0.6564131738457637
-1.232085523195674,-1.2396310308796867,-1.2176351664892686,-1.23085071601044,0.07246458616157245
-0.48870212821399556,-0.5101436396667675,-0.48376062163579453,-0.4998406471990987,-0.7157974547521704
0.008232860123840995,-0.009090649448721372,-0.0326425264839176,-0.0571435165105229,-0.373067027889515
0.2561964528465001,0.2538923744844587,0.2763434613760842,0.2774013355231451,-0.43741494959675936
-0.5351923254314958,-0.5089611335497025,-0.5179108357796839,-0.5083592090424534,-0.6440339732942771
0.2711141004269175,0.30241263361747145,0.2875607133644635,0.25658486222834054,0.03957299049337137
0.6166119928870901,0.6447715455537837,0.620182811217626,0.6741685697059818,-0.3910677011552033
-0.5038779825467626,-0.5021480972360097,-0.4990144480131089,-0.487396240158021,-0.737565710794398
-1.1141375453137168,-1.126426832802448,-1.1032321554222375,-1.1041868196623756,1.6474935954586853
0.553980528558116,0.5837959720173691,0.5265255886878236,0.5996611130252595,-0.25214556163296487
-1.1989355830481572,-1.2136151206602248,-1.19204800338185,-1.2011836386110533,0.10577480213827792
-0.3155717819881079,-0.2970980048088395,-0.3274355190506799,-0.3281010014961055,-0.06304878799141603
-0.4719975309372691,-0.4850308451895087,-0.47118177650875875,-0.470313644085589,-0.4862141169881268
0.36642775035272207,0.3497438191365626,0.3523453795718934,0.34497008721192873,-0.6304587147184922
2.104792494569512,2.100547838116501,2.103590573985067,2.097320419227384,-0.41319477460472037
1.0652239653041493,1.0459549380175541,1.0808289164001896,1.055351834322224,-0.8735575081571058
0.44864579309575037,0.4412356914361554,0.45541709023801474,0.4612816361431479,-0.5402161367851914
0.7021895133577216,0.6863847739051729,0.7179894375448858,0.703971558065874,-0.7257247363538456
-1.1480228414839202,-1.158320873511636,-1.1533545441315367,-1.1494784931763524,0.942895813344603
0.21224037022590533,0.2502688486804269,0.2384001359864486,0.25658486222834054,-0.5998396292964578
-0.682250673437297,-0.6248501526497737,-0.6583404351453672,-0.6034946404804408,-0.12464577624277444
0.6551589261722214,0.6298814166156173,0.6161196877226233,0.6290089907709193,-0.3603888128319539
-0.7122628569347047,-0.7282254462558717,-0.7056241927470871,-0.7210663233498753,-1.0209118567506466
-1.5407865933784604,-1.4626923418930444,-1.5267853250017114,-1.4520814313774457,5.541858522573695
-1.2405425985800902,-1.2458467703392482,-1.2257093683034634,-1.2250303302643308,0.8402740348598157
1.6422307185903116,1.6135905361824767,1.6466072839719716,1.6191639449023814,-0.8776241054397197
-0.28140916508139474,-0.2758101997632996,-0.26728649044123826,-0.2516026733355404,-0.006654652145754894
2.093746570382136,2.133102240634541,2.121165887619445,2.1514668601713143,-0.572150886033954
-1.6814755947629403,-1.6776817406781548,-1.6681117622127575,-1.6685654723740995,1.6150206200989887
-0.5428513222285845,-0.5559353586297753,-0.5416597751813671,-0.55115925176094,-0.46934969884552186
-0.09061124003964544,-0.09894077209033558,-0.11682797341205436,-0.13312980683875614,1.5983356106600284
-0.3388688362434039,-0.3467976504979109,-0.3370847369963084,-0.3557693983367759,-0.8235024798402252
-0.7080728062773268,-0.7093568975715105,-0.6825158771511962,-0.6867879649687715,-0.5067265121048413
1.8035353048789236,1.8026892940890153,1.823162421938513,1.8367713443610942,-0.3970479912766944
-0.6668624813591457,-0.6874671304844179,-0.6905544474210101,-0.684651985674426,-0.521019405495205
-1.271684226661282,-1.2858127176150482,-1.296614390375356,-1.2690787051448758,1.660530627923536
-0.716623191156054,-0.7030504530540808,-0.709722243854578,-0.7154096154419565,-0.3739640714077387
1.117834685722731,1.094814878278892,1.1371436222715816,1.1154698374991328,-0.8595636292728166
1.8351926518249377,1.821882322411135,1.789854385042431,1.7756865396814019,0.01983803309245071
-0.7981389017394065,-0.8121271208983205,-0.7967260681100892,-0.8154284967264522,-0.08200630767654285
0.9336410379250016,0.9013568990412255,0.9025569457796075,0.8816522178863091,-0.501463856797929
-0.7228521408094282,-0.6974199171958179,-0.7028353347749842,-0.6869007842612298,-0.025791580534526435
-1.2557881332638088,-1.2504592875685074,-1.242056692783053,-1.2517871294766185,1.1087292584135515
1.742270288288522,1.716858711650203,1.7576337340595163,1.7314941035053,-0.8812122795126144
-0.6575965547755378,-0.6750121557791292,-0.6548494709258927,-0.6595743261109502,-0.3118288570454461
-0.6868379385352186,-0.6917330537287472,-0.688207464094203,-0.6745698904001728,-0.6093482905896287
-0.8302987580050416,-0.8208459145819599,-0.8127323003884143,-0.8258259695852388,-0.02208380065920195
-0.03418579086056175,0.0018362668954522603,-0.01959386118778071,-0.004931361084513201,0.9903793169092425
-1.111309079915773,-1.1155705849890967,-1.1002185199787102,-1.1167600224726462,0.3688477645826717
-0.5828342070963863,-0.5841720056330416,-0.5633991607224611,-0.5614229010095112,0.6282727500529559
2.0495058676125533,2.030400098471257,1.9923922672245065,1.9680413175341602,-0.30411428278872255
0.8202212465887951,0.7992777915257856,0.834624685317325,0.8176666845048998,-0.875471200995983
1.5731652662750586,1.6151192909247234,1.537011246380805,1.6370796838078665,0.18327936211280266
0.8665686099050092,0.8928644462104325,0.9007255324718499,0.9125927894032806,-0.4290425434266718
1.0436447042210046,1.0447095424564585,1.0689252793100232,1.0580248427763388,-0.689783192723684
0.6273733026192473,0.6585859524767795,0.6439907836068266,0.6774105488981305,-0.6637091277939828
0.7248506077242209,0.7098803505898635,0.7415109783303764,0.7100573330540378,-1.013974720209717
-0.6060885125303929,-0.6276557420134947,-0.6230940960314103,-0.633333728056366,-0.4232416620088254
-0.5653824392252926,-0.5751719305883767,-0.5532497390759101,-0.5547546187882522,0.16623553526655302
0.6451378349418903,0.631381834873586,0.5619797594005878,0.5680946378645525,0.10505716732369899
-1.5097580891093862,-1.509858349204577,-1.4889731655879284,-1.4930501171289097,2.1914009820083016
0.8207904811930031,0.8139979072199147,0.8188863706616512,0.8197710691647625,-0.1520953079004186
-0.4911371996907192,-0.4946031700140893,-0.4774996682527326,-0.4923739335856958,-0.6689119801996801
0.3646626932000805,0.3738057688238095,0.39080393159916743,0.4011067000605365,-0.5094176426595123
-0.14806118054960563,-0.10630082993740013,-0.13537051808098244,-0.09962974004768896,-0.1990405853541238
0.21634006645533477,0.22728262100835117,0.23788490934881013,0.2295118152282652,0.04351998197355549
-1.6361349923794286,-1.6428627180417146,-1.628224205552889,-1.636073163514783,0.5489741030419839
-1.0939704358567972,-1.1124486347725226,-1.1070416860224375,-1.113765038814556,0.942895813344603
-0.5413079861534371,-0.564141689401428,-0.5991320770183598,-0.5787484999187185,-0.5836928459684319
-0.3030683553005629,-0.3253073514070738,-0.31599960177998615,-0.31394378988425403,1.0895923300247798
-0.07233411473162535,-0.06502763373572078,-0.06933847883813217,-0.05145591354328651,-0.4582263592195484
1.492655280358362,1.5321761990647327,1.5172269257934505,1.560581355647301,-0.5474522878321957
1.5484541529807603,1.523061045622575,1.5390714489994675,1.5221900356184552,0.054105095488594754
1.9177523093494946,1.879914083421554,1.8238491561447334,1.7961051878990604,-0.560070699988542
2.106045306056715,2.091036681598842,2.09872614135315,2.1234266704122793,-0.8705673630963602
1.4804705339488624,1.5194941871254652,1.511114427640268,1.5472156251767668,-0.7464763430754198
-0.750393809115071,-0.736892056647684,-0.7401782005378296,-0.7215960666902433,1.30805232816285
0.04877247607806276,0.03484369647893323,-0.036820219186589655,-0.04764496930070715,0.36729288915108405
-0.8114892310876081,-0.8021145529806266,-0.7883390629998451,-0.7903669728925939,-0.12990843154968662
-0.793330262883929,-0.8081334939999232,-0.7791846404979208,-0.7965263454631537,0.06558725252185768
-0.5631093099402453,-0.5828357295033871,-0.5725970782030707,-0.5650033437666367,1.2593129636726976
0.9221395096910189,0.8966013179515789,0.871995845708409,0.8512236785140659,0.4973641992935156
-0.8371240559929082,-0.8100333802541462,-0.8227030549639704,-0.8215821418808241,-0.23211158972596962
-0.4781698389718112,-0.46881446121602793,-0.4542205432971277,-0.4463864102866926,-0.4976962740213897
0.9647291445730398,0.9562748286199765,0.995842154612114,0.9720283143497401,-0.7729690283136254
-0.6827062717901344,-0.6619904627115359,-0.6622893328141108,-0.6419428934149882,-0.5322025480223934
1.4773960236901862,1.452007591544562,1.4156257918027073,1.3993948809343226,-0.42168678657723774
-0.4166038668077712,-0.43766751856727065,-0.4106153220104604,-0.4203777071802889,0.4474885796802798
-0.7423883350573147,-0.7562043020226424,-0.7506458451836943,-0.7336801356453319,-0.043254027689280466
-1.4415350242955889,-1.4561954909215127,-1.4555961376434192,-1.4656434694643943,1.5022323484076663
1.819249818273768,1.8611174091963167,1.8504613585471883,1.863730872493546,0.4983808486141691
-0.5614102891260854,-0.5528806233465385,-0.540450128316932,-0.5324218191671756,-0.5641971001723708
-0.672469027988865,-0.6502383573723343,-0.647183263457808,-0.6474288082934038,0.7875278759882641
-0.15580462164191863,-0.13825499721263035,-0.12644261284962924,-0.12198197989570765,-0.6640679452012723
-1.258447009737658,-1.2483216635897385,-1.2446440030361643,-1.2341563963558215,1.0475508904706974
0.812876061896842,0.7891432436772651,0.7815721429084556,0.7500979328161168,0.007399029639749208
0.9784509752987931,0.9796007374203787,1.010493083354622,1.0045615796380238,-0.7854678346675418
-0.6741103652243786,-0.6546967535676206,-0.6620790517612406,-0.6409840829943744,-0.4752701860657981
-0.7400797563634575,-0.7038524916226914,-0.719980649037852,-0.6836903997035646,-0.4399266714477856
0.482580784486014,0.49553092606517624,0.515222754605858,0.5010379240081007,-0.6848793548240614
-1.227559944396347,-1.221574547519911,-1.2076846714169425,-1.2075125927516845,-0.1838506484455364
-0.5301393840087489,-0.49667444528970867,-0.5291410103551513,-0.5391584948141162,1.4676662715054478
-1.1554616829901232,-1.1755898290738713,-1.148834179673111,-1.1550445918813996,0.13238709317891334
0.454111937063753,0.4728843851830615,0.47384505425322576,0.47060938463585744,-0.6270499493492423
-0.44153252764653184,-0.4318210083102503,-0.4231438674838568,-0.41618073963672036,-0.5759184688104934
0.28272926491227085,0.27472715246455753,0.2825244240595304,0.2710881758559546,-0.4453687354583425
-0.1178842706072429,-0.08189919346019223,-0.11694254834274792,-0.06362746351961364,-0.36559166523765113
-1.2085806520479652,-1.182818055744826,-1.2159010388581775,-1.1787781172984382,7.415184403130784
0.718018016017645,0.7482097342655474,0.7346432814407091,0.7591983080050051,-0.45308330971506605
-1.6176083490112911,-1.6342845650385887,-1.6119621026164037,-1.6212678324820051,0.10290426287996218
-0.7259666213298841,-0.7316544269504558,-0.7049982370505546,-0.7117330180690672,-0.9187685014755785
0.3083512275923057,0.35948166752845045,0.3400980234126704,0.3835322002702769,-0.2902998126080781
-0.7377649259107059,-0.7433481325223571,-0.7568910774211711,-0.7259485503617449,-0.4890248533452276
0.9832338953975094,0.9730897210375252,1.009176902407527,0.9786827074445527,-0.8587861915570227
-0.5158827204340126,-0.49800381422439477,-0.512162310475764,-0.5182805726568536,-0.1206389818613754
-1.5097580891093862,-1.5135708589293695,-1.4878075287742938,-1.5001419153299178,-0.0018704200485620082
-0.3987229196742486,-0.41887050464392045,-0.38944879967678586,-0.40588584838505026,-0.8225456334207867
-0.45365055446521335,-0.46842052463738365,-0.4559848827693341,-0.4615458344174013,-0.853284324645251
2.1280798181727594,2.113399863299805,2.162423421647414,2.1351997014238986,-1.0136159028024274
-0.6500306966596756,-0.6333429508403149,-0.638860356210889,-0.6311845592107386,-0.354946748821397
-0.5263020680647024,-0.5466868283850917,-0.5252532403005308,-0.543961226199313,-0.6321929988537247
0.240994185117094,0.2582008052860232,0.26678610940385644,0.27444366822812327,-0.4937492825412056
-1.2077605044101165,-1.227677807272546,-1.1987291754892415,-1.2101120036234034,0.21342002432511784
-0.6537251787024352,-0.6770506048937397,-0.6667803553309952,-0.6828419799689418,-0.4177397950970536
-0.577902895977366,-0.5427032225810346,-0.5583363280344826,-0.5534781728047272,-0.0028272664680005855
-0.6981629257525668,-0.7212375560000287,-0.7154707691584986,-0.7330580540707903,-0.7295521220315999
-0.3223022046950551,-0.32032922842181316,-0.3068450018643324,-0.32956838031124025,0.583839194450277
-0.7125415669509686,-0.726249886585291,-0.7120797060374343,-0.7164503557833142,-0.5738851701691864
0.7117550062352148,0.7467943254604152,0.7350439331476547,0.7580607134727185,-0.7496458968398101
-0.3532742381583831,-0.3754828348898888,-0.34659039289715965,-0.3591505816115473,0.6317413183234208
0.9793621720044678,0.9622025437109639,0.9705464937072364,0.9708337925993547,-0.7985048671323924
1.7492165219402391,1.7192935148616968,1.6872406135486018,1.6954914800334433,-0.553312972151257
2.3041884157904176,2.2697175268140737,2.2927367814568638,2.256345923318579,-0.6835636909973333
-1.418454475624939,-1.4182825035313935,-1.4114723703654772,-1.4244770769461865,0.6167307901184781
-0.4883626030458677,-0.5017538152976173,-0.5030555664827101,-0.515735319140588,-0.5139626631518455
-0.6675418847091085,-0.6589761571654092,-0.6470700849448514,-0.6622521917779993,-0.4602596578608554
-0.6382525423290601,-0.66048279189885,-0.6655487034411594,-0.6772849018022001,-0.4091879802233213
-0.6502572802163088,-0.6278247191782866,-0.6259398923644257,-0.6151763740892292,-0.763819184427744
0.6109182234026379,0.6910273544174531,0.6430749052622425,0.6573900727013994,-0.13558970716510316
0.7723934405751595,0.7578912550486262,0.7767646486374514,0.7635209374485312,-0.8025116615137914
1.507231318851021,1.5000181506435766,1.5172667465910414,1.530835305880715,-0.8840230158697152
0.7403944845413861,0.7092009826715767,0.7190195359927053,0.6913452444190953,-0.5272987101227706
0.7504155757717166,0.7495684701021222,0.6708317753201869,0.6369717714275217,2.3521511804739825
0.33721868442863434,0.3350914335845769,0.35383342291502834,0.33086493991763855,-0.6580876550797812
-0.7207704986859126,-0.7309923326812257,-0.7222574280352475,-0.7434793124851862,-0.5784899935627346
1.521978335547528,1.4980933871641944,1.506106782068008,1.4921027410490406,-0.6626326755721145
0.4082201664066076,0.41394691540150863,0.4067141029278579,0.4303410589385734,-0.4825661400140172
0.651799448444618,0.6552457801922651,0.6832506390479918,0.6854868484223557,-0.674294241309022
0.8027983233539107,0.7742531147390986,0.7769937927758144,0.7529986672054368,-0.7541909173321433
-0.12927180957614728,-0.12600355263188415,-0.14527158339924326,-0.1141330593629067,-0.5625824218395682
-0.1537549500340578,-0.17899637903313984,-0.1602658763833497,-0.16731235754787627,-0.42617200416835604
-0.572806511093453,-0.5796966754868116,-0.570972105799408,-0.5943178978465116,-0.3553055662286864
0.2557978491262019,0.24438087260705246,0.24933095637111846,0.2590874189091301,-0.4602596578608554
1.8769277316201154,1.8518889154786797,1.8872603539397212,1.8811915064724019,-0.5641971001723708
0.11168855486225612,0.24019131349857806,0.12210825817863191,0.14476638882636875,0.7112791769392525
-0.2996744701239652,-0.3178260043486797,-0.3369809957491221,-0.35245417988121813,1.379397189312239
0.8789809875247284,0.8473450235933573,0.8752580091709317,0.8642481641817713,-0.6333890568780229
0.7951685185129682,0.769101179552569,0.8077836878809412,0.7883188067592399,-0.8627929859384218
-0.6527059028644062,-0.6708568099322922,-0.6574287460539938,-0.6531452189696689,-0.5125273935226876
-1.2555618970271138,-1.2617093021114463,-1.2430803356603526,-1.264134164754897,-0.17721252641068128
-0.6032211245242532,-0.5187566909893929,-0.5764439801467984,-0.5207400855583871,0.4958691267631428
-0.21519094482830675,-0.22661057837363466,-0.37957218311496543,-0.4015278022378467,0.6716298534337665
-0.7444835340459729,-0.7443233038960113,-0.7380670000566592,-0.726496346153932,-0.8300807989738654
-1.4422703803182753,-1.4572641302310227,-1.4499099646806537,-1.4681298847279634,1.3098464151992975
1.806040574839621,1.78813885194081,1.7361151084273405,1.7040798173899996,-0.4883072185306487
1.571229230918569,1.5476893683123776,1.5341497346252277,1.5278210526237705,-0.6845205374167719
-1.405952614724002,-1.423120155685197,-1.3983376079036385,-1.4101521947988602,0.3179554956487824
-0.727608653205275,-0.7160572843292197,-0.7051686973058341,-0.7234984106299015,-0.4782603311265436
-0.6806089888818451,-0.7004041594589234,-0.713706423963268,-0.7219147430844974,0.09495047701837901
-0.6647533838791762,-0.6413384876094375,-0.6706199203585813,-0.6691961066142563,-0.11142933507427909
0.38749476577042846,0.39650898267448154,0.4136104435501983,0.41299394382734106,-0.46988792495645604
0.7247936130916818,0.7494551298266422,0.749752143632485,0.7652840829931683,-0.5554060736937789
1.0018522824733496,0.9951702342768326,1.0370479982917304,1.0129791239650772,-0.8563940755084263
0.5142381314320296,0.49553092606517624,0.5071530968723312,0.47459043370798015,-0.7145415938266573
0.5768126011284639,0.5652256443066143,0.6024702194182857,0.5718486492014294,-0.767825978809143
-0.45432995781517616,-0.46081892444690536,-0.43447010300895905,-0.44768750634147747,-0.5784899935627346
-0.14327860777082824,-0.12271970795617879,-0.17028116752786948,-0.19569343947835635,-0.15173649049312915
-0.5927388778220682,-0.605991625059752,-0.5852580086563273,-0.589509956616997,-0.6742344384078072
1.085095511187131,1.0611847480840462,1.0991999477775116,1.0840172281498301,-0.42515535484770256
1.5888801269898414,1.6107597185722122,1.6272061541468295,1.6304822179311522,-0.4977560769226046
0.25841710835197845,0.2959582845415401,0.2515057339204745,0.31704410452047505,0.04645032413308614
0.2601821598108506,0.25644018393495455,0.2551112673476191,0.2461764464214439,-0.5677254713440506
1.64655804033619,1.6198752173741182,1.5944702765262748,1.5802605870412045,-0.2660198347148242
0.4856552947446896,0.48307526064039036,0.5032614809459112,0.4842594270035177,-0.7670485410933492
-0.8687661094740884,-0.8174711836760598,-0.8437780604286779,-0.7948874797309535,0.45705704387466556
1.2087640192701181,1.2315435047339052,1.2326036143764685,1.249242026096812,-0.44429228323647413
0.4729583026697512,0.5025512971222797,0.5043488725821013,0.529134694041454,-0.8161467229907912
-0.6506503211238213,-0.6677087709006219,-0.6600576169038423,-0.6526922013933284,-0.38676189226772967
-0.33457800017238176,-0.3350106411775753,-0.3141231311081251,-0.31363309319696225,1.1882073141281684
0.6991716504116469,0.7276012971382949,0.7261045017469498,0.7413960822795398,-0.7545497347394328
-0.6987293817972662,-0.6864231985510109,-0.6777915155197142,-0.663539745650119,-0.726860991476929
0.8033675636518881,0.822207346229304,0.8273563309976888,0.8296677883955051,-0.5279565420361347
-1.6358804353333176,-1.651525184116545,-1.6457088722178743,-1.640169978057701,0.5734932925400974
1.4991462629771801,1.4820425267580202,1.5133751306646201,1.4853344821428238,-0.7944382698497784
1.0231472707274445,1.0129478537938212,1.0245718470985783,0.9965987989814216,-0.6940291987099427
-0.570753713606146,-0.581033987695712,-0.5564441362170371,-0.5714518854472572,-0.6153285807111197
1.587570668190037,1.5624094783448714,1.6048289376354172,1.5900430992043657,-0.8159075113859315
0.7534900860303922,0.7573815550146279,0.7836037017944447,0.7770005337304696,-0.1858839470868434
2.08680033673042,2.075636507266929,2.105994146568352,2.094476617743766,-0.9334800151744467
-0.7634098230942244,-0.7025010140024689,-0.7473008924630594,-0.6892901747057809,0.15666707107216724
-0.043865267309364374,-0.06848667771332526,-0.08689667490918858,-0.056745338801992444,-0.5037363670440957
-0.6797732004592223,-0.6955189948623496,-0.6995361433503449,-0.7119163067622896,0.10906396170509802
-0.1361044012827238,-0.1365341148791747,-0.1418375632637041,-0.11788707069978357,-0.5022412945137229
-0.6771831331895919,-0.6707659293637327,-0.6582834967844547,-0.6498483999097102,-0.6046238613936507
0.41579262929507127,0.3864877751014418,0.4098903409153837,0.3821668854903889,-0.6791382763074298
-0.7827517516210708,-0.7602642719625544,-0.7626951389452429,-0.7568575386194402,0.49754360799716035
-0.6198628227294845,-0.6255302112875576,-0.6255553051844764,-0.6414929926450743,-0.47730348470710504
1.538888660103267,1.5649006148268108,1.5713493874477298,1.5864032949350704,-0.44560794706320217
-0.4603889712245166,-0.45940835067825153,-0.4427699521941513,-0.4346741285623667,0.8990602867540732
-0.3071697881296846,-0.32142603436654515,-0.3007611474438236,-0.31493280147662334,1.088157060395622
-0.5996899739529246,-0.6229260798898878,-0.6023191429663687,-0.6161945460220123,-0.7668093294884896
1.7193812267794044,1.6844743223761998,1.687406535446237,1.678656050123159,-0.19533280547879933
-0.4299806152463802,-0.44640428228109974,-0.42536335329288166,-0.4236474589377256,-0.7119700690744161
0.20432629824968263,0.26221481407121444,0.21693879781962047,0.23497169226029652,-0.20250915362458866
-0.37660916736828914,-0.3476387430262725,-0.3514806707032531,-0.32182672797040146,0.7664174518594006
0.6086975678971589,0.62393677323532,0.6391260018704754,0.6246863556397902,-0.7939000437388443
0.5452122488149881,0.5431451254056717,0.5726244972859822,0.5551270851025482,-0.9427494648627579
0.376676461405732,0.38031678520666296,0.38508090808801326,0.39530523128189643,-0.5080421759315693
0.41903812345136504,0.4452555769987055,0.37872843211296103,0.3760245245403046,2.115212085860505
0.7627139641263575,0.7632132034791939,0.761999499791708,0.7417373213947654,-0.6234019723751327
0.2583601137194393,0.23056646568405656,0.2333924904141887,0.24287754001119638,-0.6649051858182811
-1.2350271067119656,-1.2482655058299863,-1.2474585344917377,-1.2646710232865772,1.6294331192917821
-0.6895388634967109,-0.7035525495119779,-0.6992029031373375,-0.7030846253127794,-0.4668977798957105
2.233642526471513,2.2704535677009186,2.264464679038258,2.255094815606273,-0.5120489703129684
-1.723224054916406,-1.7386009922673957,-1.7279004864310075,-1.7261475895168312,3.121156687196524
0.5231773893790055,0.5464856430499344,0.5475003439496858,0.5564920529386554,-0.5755596514032039
-0.7157738515620587,-0.6829489474212032,-0.695492930254138,-0.6987796956896871,0.30635373281308964
-0.5820974617939454,-0.5876531639578183,-0.5753279505009586,-0.5891048400328466,-0.42826510571087795
-1.1609771748582478,-1.171427225010682,-1.144228410534828,-1.1506086198859422,0.6190033003646447
-1.253723344697967,-1.256056131035572,-1.2418008278479165,-1.2558273637452186,0.671271036026477
2.1795517163692173,2.1872278073792724,2.201168405278397,2.2093093387150775,-0.730867785858328
0.57373774354985,0.5476747110022201,0.552651202462289,0.555411396999675,-0.5077431614254948
0.3985976845903441,0.4453122499672628,0.42210904761890927,0.46139549626694926,-0.6694502063106142
1.633291460643335,1.6525142783236113,1.5326215213800687,1.6507870003374072,0.806485395673391
0.4658980797529556,0.4514269122532325,0.4763059143018579,0.46349988092681194,-0.6945076219196621
0.7462022432909167,0.7397172814347543,0.7704694658507698,0.7591983080050051,-0.8836043955612108
0.9946784233051835,0.9960759430479664,1.024915217063201,1.0195196569360896,-0.8236818885438699
0.9978669228289375,0.9681924575264848,0.9905369003712277,0.9783414683293277,-0.8119007170045325
-1.2729853383950214,-1.2787812837227237,-1.2596835307981022,-1.258907047186697,1.2707353178047456
-1.24141939353054,-1.254368595733565,-1.2318503327755903,-1.2472945715192398,0.19057531606102182
-0.7286550370798196,-0.7461222828256994,-0.7394359301114566,-0.7440350879843363,-0.2714618987253811
-0.6696235325263935,-0.6643115802878012,-0.6430719349357709,-0.6413097039518519,-0.8510716173002992
-0.6599881884848647,-0.6832782677570758,-0.6734492973371438,-0.6749309223737235,-0.3053701437142357
-1.28492161439799,-1.293125257357707,-1.2946811587563114,-1.3100191007591804,0.6433430811591135
-1.276747246056016,-1.2770375963226004,-1.26843992273785,-1.2830363160181955,1.0919844460733763
-1.5928025369429273,-1.5891435321498417,-1.5723021162634332,-1.5826159804240394,1.2353918031867333
-0.7157307611145999,-0.7066677623826401,-0.6908960661404375,-0.6926276146261312,-0.6668188786571582
0.6549309476420634,0.6273508921374498,0.6170352169627734,0.6161549511889356,-0.5606687290006911
0.5008575624740957,0.481999532963584,0.515451549639787,0.4954641868522687,-0.8267916394070454
1.4534251288977145,1.473748423655543,1.4773774386859782,1.4886333885530714,-0.7224953796882404
-0.7077586525460223,-0.7237587501033524,-0.6974860647602728,-0.7081463303238832,-0.8032292963283704
1.0314029631789645,1.0023039512710508,1.0427710218028845,1.0122397071413216,-0.8805544475992504
0.7868558371226785,0.7658173348768635,0.800343825992723,0.7806403323121615,-1.0713855053760315
-0.6817551105164481,-0.6468138663544809,-0.6576851375072936,-0.6356668794827768,-0.3521958153655111
-0.7147545757240298,-0.728839156190507,-0.733513447784891,-0.7414860123988768,-0.3149386079086215
0.5963421849099788,0.5796060732107817,0.5127332508245532,0.5418179405939352,0.36059496421501397
-0.6535413439670907,-0.6730953412355963,-0.6485815297311237,-0.6554509504621746,-0.5309466870968803
-0.7321389236706575,-0.7124537950522343,-0.7097791822154905,-0.7107714264106029,-0.12638006037800686
0.4059995165948981,0.43289044678273103,0.4381907322392058,0.45502506243787844,-0.26308949255529357
1.554831493654437,1.525155822345994,1.5082815538943413,1.4692384633686915,-0.6803941372329431
-0.5196769459306009,-0.5359883250522546,-0.5129021428941215,-0.5289715599543675,-0.5195243329648322
2.1908822607055822,2.1773199457433474,2.203869237425876,2.1862749618927864,-0.6722609426677151
-1.1169660107116608,-1.1349206670722347,-1.1408452108480676,-1.1582372766186313,2.419608853044402
0.47711464051801133,0.4813768380138545,0.49265097246413714,0.5086594655494774,-0.3459165107379454
-0.3537618070268759,-0.37805378910516696,-0.384383168430311,-0.38959543302910077,-0.4310758420679788
-1.3967033651912144,-1.3751947815497108,-1.3767023127141655,-1.3680532060221149,0.9854156761084049
-1.337503142860425,-1.348616297284926,-1.3489543476808044,-1.3630522502983042,2.01432459151095
0.4543395625802026,0.42770464935594726,0.43916354894470233,0.44217136979967553,-0.6442731848991368
1.595655724063878,1.5896419324323443,1.613356534541236,1.6176851112548705,-0.7815208431873576
0.7145448963449017,0.7030299927767979,0.6639640784305197,0.6600064951935933,-0.32444726920179234
0.31131210159961076,0.3178687845368101,0.3268778562709751,0.31755579540902545,-0.10114323606531439
2.1107708842029536,2.118042098452337,2.146913902025669,2.12200476967047,-0.914462692588105
1.704121964417459,1.711570970819637,1.7402358684921242,1.7429828226197928,-0.4987129233420432
0.22539296634745132,0.2789167059113968,0.21711030538820306,0.2377019748762918,0.7135516871854192
0.2664451695932802,0.273085402806579,0.28043557770819466,0.3012893362367736,-0.502181491612508
-0.5487403993938925,-0.5647191195775697,-0.5398667919764868,-0.5557974407922951,-0.7281766553036569
1.5431019982778365,1.547576022375263,1.5664276730734903,1.5481824209919466,-0.4473422311984346
-1.4762123181073097,-1.494586376940597,-1.4793920573451056,-1.4798270658664112,0.526009788975458
-0.884986087254915,-0.8609474919911032,-0.859427479360153,-0.8381120849481354,-0.06974671292748608
-0.8580885493972777,-0.8793597298615954,-0.8890810795931874,-0.9054807069513101,-0.20663555380841753
-0.8241566895802308,-0.7949994967360953,-0.8355092987071985,-0.7778576475512479,0.01864197506815249
-0.7892291773747457,-0.8029863995115064,-0.7760857720652418,-0.7918079669175644,0.0921995435624931
-1.1848497211704152,-1.1783180182224928,-1.160774844725394,-1.1572482593386586,1.13001909124606
0.38316744402455016,0.3931684650302189,0.39884494560002093,0.42180965448771884,-0.26560121440631984
-0.8964245399105493,-0.8874679218483361,-0.9106526260237701,-0.8686570836787363,0.5613533035934705
1.6357967306040326,1.6110994053621728,1.6262616320695729,1.6330417075176438,0.4065235923480657
-1.186263956716272,-1.2032651136217525,-1.189659974530421,-1.2000535119014635,0.15128480996282526
0.421942002826131,0.44174539147015374,0.4447723466295975,0.44268306068822594,-0.41660353997397026
-1.2997994682234806,-1.286206478683001,-1.2774808290684316,-1.281115049423466,1.0206993878252024
1.2613173977362226,1.2374881537758382,1.2608638357982649,1.2460000469046633,-0.7043152977189074
1.5754429107193073,1.6212339532106932,1.6028260167590778,1.6429950127103075,-0.3399960235176692
-1.1395939160958353,-1.1546926768585473,-1.152302612349022,-1.1543664476044104,0.9385900044571295
-1.2195551649784677,-1.2210401401098099,-1.2096179030359864,-1.2031049052057827,0.3558107321178211
-1.116994337214846,-1.1348645149741177,-1.137490483203276,-1.1389961385308824,2.931043264234322
0.49909250532145416,0.47679092480849633,0.5058997890615298,0.4889802341555743,-0.8304396163811549
-1.2650090562934113,-1.2579124736533143,-1.2449566289184846,-1.2366711017565495,0.052849234563081625
-0.2701449930159099,-0.27921015325410736,-0.24529385538675194,-0.26726788462291956,0.07258419196400227
-1.4470505161637133,-1.4487141382014834,-1.4578989335056964,-1.4777928036635317,1.3292823580941435
0.20443993450105316,0.2795394065227615,0.14780457651347853,0.26045238674523735,0.6160131553038992
-0.743746788743532,-0.7314360293718237,-0.7228928152745266,-0.7361469400538697,0.5734932925400974
-0.18051573493621703,-0.13121216078697182,-0.15414220116525,-0.14444807986752706,0.15577002755394356
-1.4385651199698815,-1.4471390826064028,-1.4542029305228874,-1.473017839156021,1.8833562378502946
1.7973289424090935,1.8038783620413006,1.791800367557858,1.8238607188171894,-0.7198042491335694
0.3995085339760806,0.408001920999828,0.42866761539362186,0.43181989258608433,-0.8528059014355316
-0.7519013484614702,-0.7370600033948652,-0.7512148625193149,-0.7145611957073343,-0.2972967520502227
-1.210673767116992,-1.1958119275369452,-1.1920195370629052,-1.1747377124017493,0.9726178552484139
-0.4730168067752974,-0.44815004750134985,-0.44585362599940775,-0.4315665019275104,-0.5564825259156473
2.0673843892002757,2.0665780267933287,2.029305843270756,2.033391818751677,-0.3022005899498454
0.12791566124247708,0.18074414368302685,0.14889196242664512,0.12832913662461432,1.2164342835016064
0.5653680675270203,0.5537268292039089,0.5161955713113545,0.5438657392918768,-0.048935303304697024
0.6507746097938032,0.6477723820697212,0.662447397077735,0.6640444714838155,-0.8898837001887765
-0.2777817499493928,-0.29774454656611815,-0.28202543928534746,-0.28885397591323636,0.017924340253573555
-1.4949933477084738,-1.512305251330537,-1.541000313874304,-1.5480328233999219,2.5554810446046803
0.4768300203690226,0.4846040097210026,0.5068670143730557,0.48414590813589475,-0.331384405742722
-0.46102666771300627,-0.47530439933095514,-0.4794494909169363,-0.5009577549854967,-0.45200685749319763
0.7228575777351921,0.6917630499445496,0.7057420813856629,0.6962934305625762,-0.8861161174122371
1.5762397765337335,1.551029540596892,1.5713493874477298,1.5779288233899176,-0.7784708952253971
0.527618347376255,0.5068541965062335,0.5084696269238608,0.4983649155539857,-0.5751410310946995
0.015691686760934118,0.03122016501326685,-0.025946337162832307,-0.03314164998549007,0.2633554468395686
1.6498035287987143,1.646484625490477,1.5991059141242632,1.5622309823243157,0.0986582568937035
-0.6417110631768447,-0.6651042941432039,-0.6396836703732037,-0.653033440508554,-0.6747726645187414
-0.7987609631368912,-0.8188209401591744,-0.7996258268317914,-0.8128573759918918,-0.07333488700038074
0.9052861740740502,0.8932608003073162,0.9291118549936918,0.9157778356897274,-0.7654338627605466
1.458435674512879,1.4950358833413346,1.4960914909234881,1.512521389266699,-0.4647448754519737
1.5363267428299674,1.5127457727161806,1.5495446793162793,1.5357265591184932,-0.8075949081170589
0.4898686272254896,0.4785460204035902,0.5150508979328414,0.4877287794994877,-0.6505524895267024
0.002880705420916682,0.01083841976024426,0.008105378023406076,-0.008514579391886861,-0.597686724852721
0.9656399939587756,0.9535573512851923,0.975130429510824,0.9737914542067743,-0.5627020276419981
1.7878204441641394,1.8229580444263067,1.808053554023713,1.855483779939818,-0.7421705341879462
-0.7260687903295134,-0.7420671479222658,-0.717007710014513,-0.7246193404854928,-0.07949458582551658
0.7404514791739253,0.7094276688841714,0.7037960988702359,0.6777517880133561,-0.38568544004586125
0.6503190114409658,0.6523582896134434,0.6684278536324673,0.674395948697406,-0.6643669597073468
-1.5018666043167082,-1.493883167876396,-1.4990942926062394,-1.479459788904802,0.9376331580376909
-1.5693261631114879,-1.5484180482010315,-1.5488471170723064,-1.5359964848089345,1.0574781720723727
-0.8631091729844307,-0.8578307221707554,-0.8380918874659123,-0.841337570091679,0.10960218781603223
0.45154967247051564,0.4544671367653983,0.4782518968172849,0.4700404195854267,-0.4904003200731705
0.6615929084647302,0.6707869405644403,0.6382677600956724,0.6240608046274384,-0.1103528828524107
-1.2118334399229684,-1.2304903094928723,-1.2328453319202157,-1.2483399927578387,1.210035373071611
-1.3147621250516726,-1.3025472657671824,-1.292719460818323,-1.2951007741182528,0.3355973515071812
1.73259081183972,1.7149906211393782,1.7355429434287895,1.7007239780740502,-0.8746339603789742
-0.84486541316559,-0.8439650038477561,-0.8253268666610348,-0.8442478482787782,-0.0493539236132014
-0.49755520526605485,-0.47392113162896987,-0.4727354858236609,-0.49626853678031985,1.940826825917824
-1.4385651199698815,-1.4081292949331865,-1.4166466360442407,-1.3909674663573408,1.8971109051297241
-0.6607850542992918,-0.6585932777603505,-0.7006909464804725,-0.6508724698867703,-0.5306476725908057
-0.7264896339134181,-0.7189990246967246,-0.7270383732001834,-0.7184210874610497,-0.22732735762877676
-0.30700019920558985,-0.29065713608636895,-0.2791541468825891,-0.2861979790795961,0.5713403880963606
-0.6104488467517422,-0.614592583129546,-0.5958877293280272,-0.5993382881096616,-0.8651851019870183
-1.2449550649548395,-1.252990508427807,-1.2302297327618892,-1.2436216142122491,0.7604371617379094
2.325369067459496,2.3027246110378066,2.3579214011623715,2.31748765521637,-0.9926250844759937
0.71676555185038,0.6956695952316198,0.7219383352136288,0.6976583983986835,-0.6903214188346183
-0.20329081287402578,-0.21381522615888782,-0.25531962538732084,-0.263944675085193,-0.391904941772212
0.3151268303601125,0.334230995248666,0.3422728009620271,0.355094185434095,-0.7793081358424059
0.7694895668941637,0.8160360109747763,0.7905286861494585,0.8110692186281855,-0.2507700949050219
-1.5392592454080258,-1.5319647814099233,-1.5289459552369478,-1.5253164347719264,1.9749144796103235
-1.1574416799408025,-1.1638054127824666,-1.158699447479309,-1.1788628170818265,0.3688477645826717
0.6849942213330555,0.659265320395067,0.6923500518479275,0.6757043362591952,-0.8026910702174361
-0.019723741632981726,-0.038876433081029706,-0.08746883990773954,-0.058565417252332,-0.19270147782534325
0.3376172881489326,0.3466866606734519,0.35806840308304755,0.3426383178730388,-0.5409935745009853
0.3921636966040658,0.36650238394530227,0.40402444784529734,0.388423453508056,-0.8759496242057022
-0.6759876693486369,-0.6613677677618057,-0.6546779633573101,-0.6557637288121523,-0.26793352755370137
0.8780127961865144,0.8460426097039563,0.8828124402668193,0.8665802804644427,-0.44548834126077236
-1.1404423845431,-1.1545522116887263,-1.147782247890596,-1.1584349720101694,1.0184268775790357
0.5633753848579298,0.5512978971081383,0.5614075944020368,0.5536482514550373,-0.6276479783613914
0.7856030313292446,0.7948048788977938,0.8025011368743236,0.7899680864924733,-0.9722920980629239
-0.6765318855297299,-0.6905505532733167,-0.7543453392108452,-0.6776809921604416,0.8675441578138151
-1.1537645695887397,-1.1742678938662297,-1.1596376799537278,-1.1737205813003095,0.47930372312661246
-0.709431612977253,-0.7223637288466501,-0.7552559809889161,-0.7139391141327929,0.7861524092603211
-0.6819660532883083,-0.6481193884816179,-0.664464110363467,-0.6454122459109582,-0.28719006174490275
1.0101653111835784,0.9906976670085896,1.0040833256372468,1.0162210974696229,-0.5634196624565769
-0.24635724401267492,-0.27144751917305193,-0.26112927830536325,-0.27975602933081484,0.37973189260378554
-1.1423657341811786,-1.1531739488722763,-1.145081415743118,-1.143234244506713,1.9168458625306448
1.6282809150281692,1.6352180280179782,1.642715324664141,1.656076431283716,-0.5279565420361347
-0.5270954549859748,-0.5150540268482489,-0.5187561549673988,-0.5257452046075699,-0.37695421646848426
-0.3000703009785244,-0.31959802823308203,-0.2855792766411155,-0.31083581061801335,0.797694369194799
-0.7596593883787407,-0.7145371692423189,-0.74273406849977,-0.6950461654110953,-0.3220551531531959
-0.4637300296078376,-0.48322909772019834,-0.4966237980169119,-0.5232582660845283,-0.2980741897660165
-0.48230984139542094,-0.4858180276273007,-0.4982941826121361,-0.48202835441638164,1.4383030470089264
0.4194367271716633,0.4528986486671738,0.4411095314601293,0.47453384774605906,-0.4727584642147718
-1.4648982800086805,-1.452679773975351,-1.4442809017695053,-1.4323600207199374,2.0851910294506193
1.6073278831817717,1.6102106305419845,1.645748693092734,1.6448716714349652,-0.7741650863379236
-0.36687930105954947,-0.3898266330141805,-0.4473186112808166,-0.44040998515317686,2.211853574223801
0.40355123557297023,0.40879463485523004,0.358125690548394,0.3356423330316162,-0.42055053145415444
-1.6863123779209788,-1.698381918942521,-1.6838338349277067,-1.7022727783544838,1.218048961834409
0.26228883174502,0.25479808325559195,0.2631232885113654,0.23349320555656636,-0.19880137374926415
0.9810132398920305,0.9924244261194048,1.0012218138816698,1.0166758554524713,-0.3759375671478308
-1.2753330105101592,-1.2927314962897545,-1.2868058892393648,-1.2900151186110542,0.914070814959016
0.39916692488832217,0.3936214920956599,0.31148290585689964,0.314825859736811,1.6332007020683217
1.1234144716358745,1.0912480197817835,1.131535167968097,1.1133085199335688,-0.7077240630881574
2.2400195198252524,2.203448335669735,2.2373948922909688,2.2065224644495585,-0.6771049776661229
1.0746188216039632,1.0628268431017724,1.0981698436066685,1.0749171999047233,-0.87068696889879
0.8782407690229023,0.9293820613224653,0.8924270797043942,0.9489935905836678,-0.3113504338357268
0.1944758379032618,0.24817407195700794,0.19856776644229848,0.17894893953548954,0.13340374249956682
-0.5849245379121352,-0.5958004042426749,-0.5854857563769538,-0.6103823219861612,-0.31129063093451187
-0.7819882512958227,-0.8043648321770134,-0.7883390629998451,-0.8006797459679925,0.14972993453123756
0.5989044551969863,0.6076312354920215,0.6110261109523437,0.6240038717217365,-0.3501027138229892
-0.695460258497612,-0.6972509400310265,-0.6797731295795221,-0.6997857189025318,-0.6952850596354558
-1.241702277079836,-1.2421904127125727,-1.2199381397652749,-1.2246347631655623,1.3838824069033573
0.5375254493415065,0.631127157536461,0.5681034346186875,0.6505648808894801,-0.1676440622162955
0.6364261968175937,0.6156706612573735,0.620182811217626,0.6087611355827633,-0.6099463196017778
-1.235762462734652,-1.2193527746568595,-1.2204781642637874,-1.217797246318013,1.294596675389495
-0.4130494344130205,-0.42596517334002276,-0.40185683544410766,-0.4180757977569772,-0.8107644618814491
-1.1609490248619168,-1.1597834493997903,-1.1454792746145903,-1.1522473093024503,0.6123651783297897
-1.5634994668846516,-1.5536212947875654,-1.5460893522869394,-1.5485130959696813,0.8077412565989041
1.5887091430922238,1.5792243707624207,1.5806206569206815,1.6112580914638779,-0.7189670085165607
-0.587755787563357,-0.5704623049918149,-0.5919175191197285,-0.5472563162279694,-0.17027538986975158
-0.5727356179696025,-0.5410559471670806,-0.5506383291707942,-0.5164139809894477,-0.5226340838280076
-0.4778299607899756,-0.4518098587255098,-0.4529113444387162,-0.4359221137806437,-0.4716820119929034
-0.9541015821101662,-0.8663808840493511,-0.9361762120630035,-0.8543910397841064,12.479772501219173
0.6990576611465679,0.6735327487218681,0.7116652561980729,0.679230621660867,-0.8891062624729826
-0.5778886501661162,-0.5973626758654275,-0.5833088842009915,-0.5732618911527414,0.029047679879547015
0.7883929214389315,0.7569285279491869,0.5994654947223653,0.6250845333483207,1.3935704769001729
-0.4346808219557957,-0.45102164020847246,-0.4689053523388214,-0.4667498660051568,0.36472136439884284
0.5497102014447768,0.5286513562260235,0.535138761964204,0.5249259247217292,-0.41630452546789576
-0.4748993263924031,-0.4955213173978022,-0.48331141579738063,-0.4875944588090322,1.2553659721925134
1.7036093714320824,1.7126691525417286,1.69777113133076,1.7105068314933891,-0.24018498138998262
-1.2828568201383783,-1.2656469410991478,-1.2740123963925198,-1.2493290043502083,1.012984813568479
-0.48582883007513045,-0.5001918890346135,-0.5250967499456419,-0.5513005375062494,-0.15705894870125625
-0.42635667331376403,-0.4428007930041143,-0.4504641109090642,-0.4539097098620166,-0.39961951602893553
0.7532624605139427,0.7488891021838349,0.7756772627242848,0.7518610783607539,-0.8634508178517858
0.4412439610911964,0.4372728242019108,0.4120364747320665,0.4108326262617765,-0.20639634220355788
0.20620499165369474,0.24075734114138544,0.19084182205480482,0.26676554641242844,-0.2699070232937934
0.7341884693914956,0.7160516858443912,0.7357879548192222,0.7159157290507774,-0.9343770586926703
1.4649836460704668,1.4466856431139952,1.4649012874928269,1.4446679787370094,-0.8800162214883162
0.36312526156388847,0.3679741203592435,0.37592420782273106,0.37318072305668637,-0.6631110987818337
0.7244519983101532,0.7572512807882035,0.711007165724525,0.7544775008529484,0.11492464602415932
1.5807950711160004,1.555615448140615,1.572722855860172,1.5413006432181067,-0.7250669044404816
2.17095406751,2.1316868318294087,2.1302942932564886,2.153343518895972,-0.6995310656217145
1.0172255284066039,1.0060971506210061,1.0393142927100532,1.0346488742074391,-0.8190172622491069
0.8862118413254336,0.8946195361438911,0.8364560929020586,0.8116947696405372,1.1093272874257005
0.44881677129959907,0.4954742530966189,0.4542151293941552,0.5135507187872564,0.6335354053598681
-0.6415366060798408,-0.5861016041489029,-0.6317456994106693,-0.5639851718338543,1.4900923594610394
-0.8737160107504747,-0.8732996627240571,-0.8742266859188113,-0.866851246986227,1.214580393563944
-1.3490150963863339,-1.3407413590076362,-1.3285129839332048,-1.3225357176075303,1.580514346097985
-0.737821920543245,-0.7569925205396798,-0.7273031431599037,-0.7506329008048314,-0.34244794246748056
0.7461452486583775,0.7322552858455441,0.7745786940231777,0.7508942825455741,-0.9739067763957265
-0.6798023924153684,-0.6983947375480887,-0.6935944545568762,-0.7156540060538562,-0.5348338756758495
-0.4863806929886418,-0.4793439817224379,-0.5016894292633862,-0.5100786112326693,-0.27170111033024075
-1.2343482271887953,-1.222924643701139,-1.211551134655031,-1.205619616294114,0.45693743807223575
1.7097017446368328,1.6849840224101982,1.7287325340044692,1.7193794807470724,-0.8313366598993785
-0.4319625196098373,-0.4142531467165477,-0.41104881242631336,-0.40430217515204453,-0.4291023463278867
0.29132691377148895,0.2633472090549429,0.18723628862766023,0.1758208261547452,1.6091599357799273
1.7098157339019113,1.7583019210959185,1.7350277225141746,1.7787580671002259,-0.7540713115297135
-0.2646295011477858,-0.2793224631119766,-0.2759698737700538,-0.2773263706572565,1.341003726732266
-1.4153714531808843,-1.432992077260742,-1.4087146055801103,-1.4166222583691086,-0.009405585601640802
-0.48214025247132686,-0.5042401110814423,-0.5052879748788237,-0.5186457679557762,1.0651329434278813
0.40377886108941974,0.3766365864340739,0.3972709767818891,0.3658434877248323,-0.8845014390794345
2.132692107387565,2.1315734915539286,2.1615648307681763,2.1651165499075917,-0.7790091213363314
0.954878684226619,0.9540667059594423,0.9534172439713642,0.9570129572021912,-0.4750907773621533
-0.358405024797521,-0.3620005111807539,-0.39269314736711836,-0.34598376367958655,0.9629297852515983
-0.6938595861637565,-0.7156070201417664,-0.7136494856023555,-0.7258176786174694,-0.4316738710801279
-0.38099348374670733,-0.3987703861116722,-0.48695048041927697,-0.5096328794757309,4.056234850592873
0.5141241421669506,0.4902089776346092,0.4797284139910689,0.5072375648076682,0.5130325594118224
0.9635333277183756,0.9578599053093978,0.9934385877518531,0.9763509437932663,-0.905671666109513
1.8066098151375984,1.782024183993205,1.7945473043827422,1.8079920847220836,-0.7192660230226352
-1.172941771670632,-1.1734803660686894,-1.154861273146436,-1.1547903105279405,0.9267490300165772
0.3155254340804107,0.3338346354901471,0.3200674411236309,0.34218321294640947,0.24786649542490663
-1.5051760338105427,-1.5063989598672236,-1.4895133617771459,-1.5062448782542484,0.7936875748134
1.9221362727142044,1.9190924972381787,1.9524456775771202,1.9310718982471238,-0.6726197600750046
0.246858591179226,0.22343274868983776,0.2371981751425891,0.24054577635991,-0.569519558380498
-0.9136954167251209,-0.9297202582299592,-0.9302320795384956,-0.9259571525903223,-0.05533421373469251
-0.22896977018659984,-0.23306492178793017,-0.24788535489307262,-0.2161120876960149,-0.08098965835588935
-1.1834638121277437,-1.2028150249449912,-1.1883804724410088,-1.1899103203961359,0.3470197056392292
-0.6594015764961901,-0.6511381893661099,-0.6374316949597061,-0.6430211207475021,0.560994486186181
0.33226513344600894,0.3631618663010396,0.3343177181591933,0.38933331641753327,-0.31613466593291967
-0.542284866183885,-0.5008111303868588,-0.5250398115847295,-0.4802836082673437,-0.17063420727704104
-0.4861120609443652,-0.4825680451918494,-0.48081527330880275,-0.46727370561364556,-0.42467693163798326
-0.0210901893715556,0.09620457260028059,-0.013928125141973008,0.11530465095690817,5.23273732619382
-0.06459067363931298,-0.0737464274193602,-0.12518371364485656,-0.07676581499872347,-0.13923768413921273
-0.39464581062836457,-0.3903228526947187,-0.36821870027492576,-0.37630260625340095,-0.5860849620170283
0.73333426731836,0.7129095235900798,0.760969395620865,0.7425902570861438,-1.0013563080533707
1.5417925394780323,1.517767433676286,1.5341497346252277,1.4971647930039258,-0.814233030151914
0.01312942216769673,0.013470881980556772,0.029910080431833283,0.02538365942010716,-0.8043655514514537
0.37565162844868666,0.3508762141202911,0.33529088396912443,0.3399080352570435,-0.2739736205764074
2.2910924669814734,2.2923924041804673,2.246666161763921,2.2451984433193113,-0.592364266644594
1.8635475099821204,1.8567295060211628,1.8810221037909285,1.8447341250176965,-0.9111137301200699
-1.2406840432016228,-1.2506842469823598,-1.2289788686821268,-1.2445540455303006,1.3207305432204113
0.2901880915493646,0.3064321738202727,0.3044437013986505,0.30697693920401004,-0.3875991328847384
-0.6302679188551551,-0.6283316563342979,-0.6710184831619453,-0.69595151805142,0.10392091220061568
0.6650090335049337,0.634240988968129,0.6347195141338743,0.6041541942421111,-0.5466150472151869
0.5367282419009106,0.6054573260931247,0.569648416322735,0.6019359437708447,-0.018495626586307285
-1.2028106031337298,-1.1883024195049645,-1.1796808357254214,-1.1674199229844404,1.1643459565434189
0.6691083824144242,0.6625491650707724,0.4181601499501662,0.4225490713114743,2.246240242422375
-1.4910335303139692,-1.4981300850112895,-1.4931239600800978,-1.5009894705488895,1.0079015669652114
0.40258304423475627,0.37935405810722295,0.37409280023799696,0.3562314273349972,-0.432271900092277
-0.6408144596023586,-0.660721571364276,-0.6556644008587633,-0.6634967018708631,-0.5804036864016117
0.3603353714542022,0.3625958443198674,0.3243597087569965,0.3047017558270411,-0.24742113243698688
-1.2031218074924415,-1.1996369169686643,-1.186134609216621,-1.1799365341451873,0.4946730687388446
-1.292332305907862,-1.264578126278946,-1.280437526151046,-1.2436780238584784,1.5271701582142843
-0.5820366466420821,-0.5896629368900365,-0.5722240171924731,-0.5698255153787762,-0.613175676267383
0.06454397841167683,0.041014686373712014,-0.018535119007287344,-0.013519351497288846,0.04489544870149845
-0.31882318058335707,-0.31678621673225327,-0.5054462107558836,-0.5048183406267736,-1.3559875122577933
-0.6533832222947378,-0.643363462032223,-0.6378522627884703,-0.6264724313408107,-0.569459755479283
1.5567671816909883,1.5821401978255218,1.5900065013243274,1.601873410065468,-0.6489378111938998
-0.6503087120360621,-0.6485724155470589,-0.6550670888949041,-0.6449002080786264,-0.5885368809668396
-0.41371910711093435,-0.40951415421809717,-0.40578233166971406,-0.38528564619307454,1.7292441614194687
0.8785253891718909,0.8739547770694642,0.8913969755335506,0.8856905411203121,-0.7532938738139197
0.4449447062803886,0.4374424920861999,0.2928830794456486,0.27245314937966486,0.051892388143643046
0.3107995086142342,0.2915987121890284,0.25714282623360896,0.30248385798715843,0.4088559054954472
2.057135672453495,2.0806187745691704,2.0606678976514106,2.072863794719503,-0.1972464983176765
-0.5307899427225038,-0.4870724025418558,-0.5110382457049146,-0.4867883889661038,0.10069155553501048
-0.10421908719408983,-0.11881316833074326,-0.12300894181852468,-0.09792353309635735,-0.37462190332110273
